[
    {
        "fid":2,
        "city_name":"Brasilia",
        "gmi_admin":"BRA-DFD",
        "admin_name":"Distrito Federal",
        "fips_cntry":"BR",
        "cntry_name":"Brazil",
        "status":"National and provincial capital",
        "pop":2481272,
        "pop_class":"1,000,000 to 4,999,999",
        "lng":-47.8977476574,
        "lat":-15.7921109431
    },
    {
        "fid":15,
        "city_name":"La Paz",
        "gmi_admin":"BOL-LPA",
        "admin_name":"La Paz",
        "fips_cntry":"BL",
        "cntry_name":"Bolivia",
        "status":"National and provincial capital",
        "pop":2143000,
        "pop_class":"1,000,000 to 4,999,999",
        "lng":-68.1462446098,
        "lat":-16.499006993
    },
    {
        "fid":16,
        "city_name":"Mata-Utu",
        "gmi_admin":"WLF",
        "admin_name":"Wallis & Futuna",
        "fips_cntry":"WF",
        "cntry_name":"Wallis & Futuna",
        "status":"National and provincial capital",
        "pop":0,
        "pop_class":" ",
        "lng":-176.1515636364,
        "lat":-13.2732990621
    },
    {
        "fid":17,
        "city_name":"Apia",
        "gmi_admin":"WSM",
        "admin_name":"Samoa",
        "fips_cntry":"WS",
        "cntry_name":"Samoa",
        "status":"National capital",
        "pop":37391,
        "pop_class":"Less than 50,000",
        "lng":-171.7394935902,
        "lat":-13.8370229528
    },
    {
        "fid":18,
        "city_name":"Pago Pago",
        "gmi_admin":"ASM",
        "admin_name":"American Samoa",
        "fips_cntry":"AQ",
        "cntry_name":"American Samoa",
        "status":"National and provincial capital",
        "pop":3656,
        "pop_class":"Less than 50,000",
        "lng":-170.6978606699,
        "lat":-14.2683749753
    },
    {
        "fid":19,
        "city_name":"Papeete",
        "gmi_admin":"PYF",
        "admin_name":"French Polynesia",
        "fips_cntry":"FP",
        "cntry_name":"French Polynesia",
        "status":"National and provincial capital",
        "pop":25763,
        "pop_class":"Less than 50,000",
        "lng":-149.5700096997,
        "lat":-17.5349969205
    },
    {
        "fid":20,
        "city_name":"Alofi",
        "gmi_admin":"NIU",
        "admin_name":"Niue",
        "fips_cntry":"NE",
        "cntry_name":"Niue",
        "status":"National and provincial capital",
        "pop":639,
        "pop_class":"Less than 50,000",
        "lng":-169.9166695729,
        "lat":-19.0166669421
    },
    {
        "fid":21,
        "city_name":"Nuku' alofa",
        "gmi_admin":"TON",
        "admin_name":"Tonga",
        "fips_cntry":"TN",
        "cntry_name":"Tonga",
        "status":"National capital",
        "pop":35184,
        "pop_class":"Less than 50,000",
        "lng":-175.2456506497,
        "lat":-21.1309020566
    },
    {
        "fid":22,
        "city_name":"Avarua",
        "gmi_admin":"COK",
        "admin_name":"Cook Is.",
        "fips_cntry":"CW",
        "cntry_name":"Cook Is.",
        "status":"National and provincial capital",
        "pop":0,
        "pop_class":" ",
        "lng":-159.7666945933,
        "lat":-21.2333040068
    },
    {
        "fid":23,
        "city_name":"Adamstown",
        "gmi_admin":"PCN",
        "admin_name":"Pitcairn Is.",
        "fips_cntry":"PC",
        "cntry_name":"Pitcairn Is.",
        "status":"National and provincial capital",
        "pop":49,
        "pop_class":"Less than 50,000",
        "lng":-130.1030005564,
        "lat":-25.0659990487
    },
    {
        "fid":27,
        "city_name":"Stanley",
        "gmi_admin":"FLK",
        "admin_name":"Falkland Islands",
        "fips_cntry":"FK",
        "cntry_name":"Falkland Is.",
        "status":"National and provincial capital",
        "pop":2108,
        "pop_class":"Less than 50,000",
        "lng":-57.8490025779,
        "lat":-51.7010040418
    },
    {
        "fid":42,
        "city_name":"Santiago",
        "gmi_admin":"CHL-RMT",
        "admin_name":"Region Metropolitana",
        "fips_cntry":"CI",
        "cntry_name":"Chile",
        "status":"National and provincial capital",
        "pop":6748000,
        "pop_class":"5,000,000 and greater",
        "lng":-70.6475155539,
        "lat":-33.4750230513
    },
    {
        "fid":69,
        "city_name":"Quito",
        "gmi_admin":"ECU-PCH",
        "admin_name":"Pichincha",
        "fips_cntry":"EC",
        "cntry_name":"Ecuador",
        "status":"National and provincial capital",
        "pop":1619146,
        "pop_class":"1,000,000 to 4,999,999",
        "lng":-78.5242795703,
        "lat":-0.2294999183
    },
    {
        "fid":85,
        "city_name":"Lima",
        "gmi_admin":"PER-LIM",
        "admin_name":"Lima",
        "fips_cntry":"PE",
        "cntry_name":"Peru",
        "status":"National and provincial capital",
        "pop":9562280,
        "pop_class":"5,000,000 and greater",
        "lng":-77.0450036007,
        "lat":-12.0819959358
    },
    {
        "fid":105,
        "city_name":"Asuncion",
        "gmi_admin":"PRY-CNT",
        "admin_name":"Central",
        "fips_cntry":"PA",
        "cntry_name":"Paraguay",
        "status":"National capital",
        "pop":0,
        "pop_class":" ",
        "lng":-57.6219955695,
        "lat":-25.3050029604
    },
    {
        "fid":118,
        "city_name":"Buenos Aires",
        "gmi_admin":"ARG-DFD",
        "admin_name":"Distrito Federal",
        "fips_cntry":"AR",
        "cntry_name":"Argentina",
        "status":"National and provincial capital",
        "pop":15416728,
        "pop_class":"5,000,000 and greater",
        "lng":-58.4498336968,
        "lat":-34.6224960102
    },
    {
        "fid":157,
        "city_name":"Montevideo",
        "gmi_admin":"URY-MNT",
        "admin_name":"Montevideo",
        "fips_cntry":"UY",
        "cntry_name":"Uruguay",
        "status":"National and provincial capital",
        "pop":1383135,
        "pop_class":"1,000,000 to 4,999,999",
        "lng":-56.1699985883,
        "lat":-34.9200000502
    },
    {
        "fid":159,
        "city_name":"Jamestown",
        "gmi_admin":"SHN",
        "admin_name":"St. Helena",
        "fips_cntry":"SH",
        "cntry_name":"St. Helena",
        "status":"National and provincial capital",
        "pop":0,
        "pop_class":" ",
        "lng":-5.7050006653,
        "lat":-15.921999067
    },
    {
        "fid":259,
        "city_name":"Mexico City",
        "gmi_admin":"MEX-DTD",
        "admin_name":"Distrito Federal",
        "fips_cntry":"MX",
        "cntry_name":"Mexico",
        "status":"National and provincial capital",
        "pop":21942666,
        "pop_class":"5,000,000 and greater",
        "lng":-99.1275746461,
        "lat":19.427049078
    },
    {
        "fid":276,
        "city_name":"Guatemala",
        "gmi_admin":"GTM-GTM",
        "admin_name":"Guatemala",
        "fips_cntry":"GT",
        "cntry_name":"Guatemala",
        "status":"National and provincial capital",
        "pop":1650000,
        "pop_class":"1,000,000 to 4,999,999",
        "lng":-90.5248976941,
        "lat":14.618007067
    },
    {
        "fid":286,
        "city_name":"George Town",
        "gmi_admin":"CYM",
        "admin_name":"Cayman Is.",
        "fips_cntry":"CJ",
        "cntry_name":"Cayman Is.",
        "status":"National and provincial capital",
        "pop":28089,
        "pop_class":"Less than 50,000",
        "lng":-81.3833276745,
        "lat":19.29999602
    },
    {
        "fid":288,
        "city_name":"Hamilton",
        "gmi_admin":"BMU",
        "admin_name":"Bermuda",
        "fips_cntry":"BD",
        "cntry_name":"Bermuda",
        "status":"National and provincial capital",
        "pop":854,
        "pop_class":"Less than 50,000",
        "lng":-64.779164651,
        "lat":32.2890300017
    },
    {
        "fid":292,
        "city_name":"San Jose",
        "gmi_admin":"CRI-SJO",
        "admin_name":"San Jose",
        "fips_cntry":"CS",
        "cntry_name":"Costa Rica",
        "status":"National and provincial capital",
        "pop":347398,
        "pop_class":"250,000 to 499,999",
        "lng":-84.0786205965,
        "lat":9.9304740804
    },
    {
        "fid":296,
        "city_name":"Oranjestad",
        "gmi_admin":"ABW",
        "admin_name":"Aruba",
        "fips_cntry":"AA",
        "cntry_name":"Aruba",
        "status":"National and provincial capital",
        "pop":28295,
        "pop_class":"Less than 50,000",
        "lng":-70.0260026181,
        "lat":12.5250030095
    },
    {
        "fid":297,
        "city_name":"Willemstad",
        "gmi_admin":"ANT",
        "admin_name":"Netherlands Antilles",
        "fips_cntry":"NT",
        "cntry_name":"Netherlands Antilles",
        "status":"National and provincial capital",
        "pop":0,
        "pop_class":" ",
        "lng":-68.9705546255,
        "lat":12.1387859931
    },
    {
        "fid":308,
        "city_name":"Panama",
        "gmi_admin":"PAN-PAN",
        "admin_name":"Panama",
        "fips_cntry":"PM",
        "cntry_name":"Panama",
        "status":"National and provincial capital",
        "pop":481993,
        "pop_class":"250,000 to 499,999",
        "lng":-79.5170785937,
        "lat":9.0028799211
    },
    {
        "fid":329,
        "city_name":"San Salvador",
        "gmi_admin":"SLV-SSL",
        "admin_name":"San Salvador",
        "fips_cntry":"ES",
        "cntry_name":"El Salvador",
        "status":"National and provincial capital",
        "pop":1910000,
        "pop_class":"1,000,000 to 4,999,999",
        "lng":-89.2002326108,
        "lat":13.7014109517
    },
    {
        "fid":349,
        "city_name":"Tegucigalpa",
        "gmi_admin":"HND-FMR",
        "admin_name":"Francisco Morazan",
        "fips_cntry":"HO",
        "cntry_name":"Honduras",
        "status":"National and provincial capital",
        "pop":996658,
        "pop_class":"500,000 to 999,999",
        "lng":-87.2029975875,
        "lat":14.0990039768
    },
    {
        "fid":353,
        "city_name":"Managua",
        "gmi_admin":"NIC-MAN",
        "admin_name":"Managua",
        "fips_cntry":"NU",
        "cntry_name":"Nicaragua",
        "status":"National and provincial capital",
        "pop":1192000,
        "pop_class":"1,000,000 to 4,999,999",
        "lng":-86.2730006055,
        "lat":12.1509990181
    },
    {
        "fid":371,
        "city_name":"Belmopan",
        "gmi_admin":"BLZ-CAY",
        "admin_name":"Cayo",
        "fips_cntry":"BH",
        "cntry_name":"Belize",
        "status":"National capital",
        "pop":13939,
        "pop_class":"Less than 50,000",
        "lng":-88.8000026037,
        "lat":17.1199980304
    },
    {
        "fid":374,
        "city_name":"Grand Turk",
        "gmi_admin":"TCA",
        "admin_name":"Turks & Caicos Is.",
        "fips_cntry":"TK",
        "cntry_name":"Turks & Caicos Is.",
        "status":"National and provincial capital",
        "pop":4831,
        "pop_class":"Less than 50,000",
        "lng":-71.1333265937,
        "lat":21.4666649629
    },
    {
        "fid":400,
        "city_name":"Kingston",
        "gmi_admin":"JAM-KNG",
        "admin_name":"Kingston",
        "fips_cntry":"JM",
        "cntry_name":"Jamaica",
        "status":"National and provincial capital",
        "pop":592291,
        "pop_class":"500,000 to 999,999",
        "lng":-76.7995196799,
        "lat":17.9669250288
    },
    {
        "fid":407,
        "city_name":"Port-au-Prince",
        "gmi_admin":"HTI-OUE",
        "admin_name":"Ouest",
        "fips_cntry":"HA",
        "cntry_name":"Haiti",
        "status":"National and provincial capital",
        "pop":2874000,
        "pop_class":"1,000,000 to 4,999,999",
        "lng":-72.3431066325,
        "lat":18.5266170756
    },
    {
        "fid":429,
        "city_name":"Santo Domingo",
        "gmi_admin":"DOM-SDM",
        "admin_name":"Santo Domingo",
        "fips_cntry":"DR",
        "cntry_name":"Dominican Republic",
        "status":"National and provincial capital",
        "pop":965040,
        "pop_class":"500,000 to 999,999",
        "lng":-69.8990036733,
        "lat":18.4889970134
    },
    {
        "fid":450,
        "city_name":"Bogota",
        "gmi_admin":"COL-DES",
        "admin_name":"Distrito Especial",
        "fips_cntry":"CO",
        "cntry_name":"Colombia",
        "status":"National capital and provincial capital enclave",
        "pop":7181469,
        "pop_class":"5,000,000 and greater",
        "lng":-74.0805116257,
        "lat":4.6302209668
    },
    {
        "fid":484,
        "city_name":"Nassau",
        "gmi_admin":"BHS",
        "admin_name":"Bahamas",
        "fips_cntry":"BF",
        "cntry_name":"The Bahamas",
        "status":"National capital",
        "pop":266100,
        "pop_class":"250,000 to 499,999",
        "lng":-77.3399965917,
        "lat":25.0669979453
    },
    {
        "fid":492,
        "city_name":"Havana",
        "gmi_admin":"CUB-CHB",
        "admin_name":"Ciudad de la Habana",
        "fips_cntry":"CU",
        "cntry_name":"Cuba",
        "status":"National and provincial capital",
        "pop":2131937,
        "pop_class":"1,000,000 to 4,999,999",
        "lng":-82.4164555622,
        "lat":23.0489550066
    },
    {
        "fid":510,
        "city_name":"Malabo",
        "gmi_admin":"GNQ-BKN",
        "admin_name":"Bioko Norte",
        "fips_cntry":"EK",
        "cntry_name":"Equatorial Guinea",
        "status":"National and provincial capital",
        "pop":0,
        "pop_class":" ",
        "lng":8.7725613119,
        "lat":3.7436040367
    },
    {
        "fid":519,
        "city_name":"Libreville",
        "gmi_admin":"GAB-EST",
        "admin_name":"Estuaire",
        "fips_cntry":"GB",
        "cntry_name":"Gabon",
        "status":"National and provincial capital",
        "pop":703939,
        "pop_class":"500,000 to 999,999",
        "lng":9.453996377,
        "lat":0.3909959548
    },
    {
        "fid":524,
        "city_name":"Ndjamena",
        "gmi_admin":"TCD-CBG",
        "admin_name":"Chari-Baguirmi",
        "fips_cntry":"CD",
        "cntry_name":"Chad",
        "status":"National and provincial capital",
        "pop":1522000,
        "pop_class":"1,000,000 to 4,999,999",
        "lng":15.2408253958,
        "lat":12.1041360317
    },
    {
        "fid":529,
        "city_name":"Bangui",
        "gmi_admin":"CAF-OMP",
        "admin_name":"Ombella-Mpoko",
        "fips_cntry":"CT",
        "cntry_name":"Central African Republic",
        "status":"National and provincial capital",
        "pop":0,
        "pop_class":" ",
        "lng":18.5623473724,
        "lat":4.3658550295
    },
    {
        "fid":538,
        "city_name":"Yaounde",
        "gmi_admin":"CMR-CNT",
        "admin_name":"Centre",
        "fips_cntry":"CM",
        "cntry_name":"Cameroon",
        "status":"National and provincial capital",
        "pop":3420000,
        "pop_class":"1,000,000 to 4,999,999",
        "lng":11.5139973664,
        "lat":3.8649960642
    },
    {
        "fid":572,
        "city_name":"Tunis",
        "gmi_admin":"TUN-TUN",
        "admin_name":"Tunis",
        "fips_cntry":"TS",
        "cntry_name":"Tunisia",
        "status":"National and provincial capital",
        "pop":1056247,
        "pop_class":"1,000,000 to 4,999,999",
        "lng":10.1660043826,
        "lat":36.8190000391
    },
    {
        "fid":594,
        "city_name":"Valletta",
        "gmi_admin":"MLT",
        "admin_name":"Malta",
        "fips_cntry":"MT",
        "cntry_name":"Malta",
        "status":"National capital",
        "pop":5827,
        "pop_class":"Less than 50,000",
        "lng":14.5040044394,
        "lat":35.9129970293
    },
    {
        "fid":596,
        "city_name":"San Marino",
        "gmi_admin":"SMR",
        "admin_name":"San Marino",
        "fips_cntry":"SM",
        "cntry_name":"San Marino",
        "status":"National capital",
        "pop":4127,
        "pop_class":"Less than 50,000",
        "lng":12.4666654442,
        "lat":43.9166610313
    },
    {
        "fid":600,
        "city_name":"Rome",
        "gmi_admin":"ITA-LAZ",
        "admin_name":"Lazio",
        "fips_cntry":"IT",
        "cntry_name":"Italy",
        "status":"National and provincial capital",
        "pop":2864467,
        "pop_class":"1,000,000 to 4,999,999",
        "lng":12.5199993381,
        "lat":41.8799970439
    },
    {
        "fid":601,
        "city_name":"Sarajevo",
        "gmi_admin":"BIH",
        "admin_name":"Bosnia & Herzegovina",
        "fips_cntry":"BK",
        "cntry_name":"Bosnia & Herzegovina",
        "status":"National capital",
        "pop":0,
        "pop_class":" ",
        "lng":18.4300023125,
        "lat":43.8699959633
    },
    {
        "fid":608,
        "city_name":"Belgrade",
        "gmi_admin":"SRB",
        "admin_name":"Serbia",
        "fips_cntry":"RB",
        "cntry_name":"Serbia",
        "status":"National capital",
        "pop":1382547,
        "pop_class":"1,000,000 to 4,999,999",
        "lng":20.4125584388,
        "lat":44.7996780299
    },
    {
        "fid":609,
        "city_name":"Podgorica",
        "gmi_admin":"MON",
        "admin_name":"Montenegro",
        "fips_cntry":"MJ",
        "cntry_name":"Montenegro",
        "status":"National capital",
        "pop":185937,
        "pop_class":"100,000 to 249,999",
        "lng":19.4000043071,
        "lat":42.4999979555
    },
    {
        "fid":611,
        "city_name":"Skopje",
        "gmi_admin":"MKD",
        "admin_name":"Macedonia",
        "fips_cntry":"MK",
        "cntry_name":"North Macedonia",
        "status":"National capital",
        "pop":546824,
        "pop_class":"500,000 to 999,999",
        "lng":21.4333384323,
        "lat":41.9833349697
    },
    {
        "fid":631,
        "city_name":"Tirana",
        "gmi_admin":"ALB-TIR",
        "admin_name":"Tirane",
        "fips_cntry":"AL",
        "cntry_name":"Albania",
        "status":"National and provincial capital",
        "pop":418495,
        "pop_class":"250,000 to 499,999",
        "lng":19.8320043636,
        "lat":41.3319959212
    },
    {
        "fid":637,
        "city_name":"Tripoli",
        "gmi_admin":"LBY-TRB",
        "admin_name":"Tarabulus",
        "fips_cntry":"LY",
        "cntry_name":"Libya",
        "status":"National and provincial capital",
        "pop":2302000,
        "pop_class":"1,000,000 to 4,999,999",
        "lng":13.156893318,
        "lat":32.8931279336
    },
    {
        "fid":649,
        "city_name":"Ankara",
        "gmi_admin":"TUR-ANK",
        "admin_name":"Ankara",
        "fips_cntry":"TU",
        "cntry_name":"Turkey",
        "status":"National and provincial capital",
        "pop":5229000,
        "pop_class":"5,000,000 and greater",
        "lng":32.8529973769,
        "lat":39.9290039468
    },
    {
        "fid":651,
        "city_name":"Nicosia",
        "gmi_admin":"CYP-NIC",
        "admin_name":"Nicosia",
        "fips_cntry":"CY",
        "cntry_name":"Cyprus",
        "status":"National and provincial capital",
        "pop":0,
        "pop_class":" ",
        "lng":33.3690033926,
        "lat":35.1710010679
    },
    {
        "fid":677,
        "city_name":"Cairo",
        "gmi_admin":"EGY-AQH",
        "admin_name":"Al Qahirah",
        "fips_cntry":"EG",
        "cntry_name":"Egypt",
        "status":"National and provincial capital",
        "pop":9539673,
        "pop_class":"5,000,000 and greater",
        "lng":31.250799318,
        "lat":30.0779099968
    },
    {
        "fid":687,
        "city_name":"Athens",
        "gmi_admin":"GRC-CGE",
        "admin_name":"Central Greece and Evvoia",
        "fips_cntry":"GR",
        "cntry_name":"Greece",
        "status":"National capital",
        "pop":664046,
        "pop_class":"500,000 to 999,999",
        "lng":23.6529993799,
        "lat":37.9439999862
    },
    {
        "fid":704,
        "city_name":"Sofia",
        "gmi_admin":"BGR-GSO",
        "admin_name":"Grad Sofiya",
        "fips_cntry":"BU",
        "cntry_name":"Bulgaria",
        "status":"National capital and provincial capital enclave",
        "pop":1241675,
        "pop_class":"1,000,000 to 4,999,999",
        "lng":23.3318703962,
        "lat":42.7072680587
    },
    {
        "fid":708,
        "city_name":"Bucharest",
        "gmi_admin":"ROM-BUC",
        "admin_name":"Bucuresti",
        "fips_cntry":"RO",
        "cntry_name":"Romania",
        "status":"National and provincial capital",
        "pop":1829897,
        "pop_class":"1,000,000 to 4,999,999",
        "lng":26.1229684278,
        "lat":44.4304800149
    },
    {
        "fid":750,
        "city_name":"Beirut",
        "gmi_admin":"LBN-BYR",
        "admin_name":"Bayrut",
        "fips_cntry":"LE",
        "cntry_name":"Lebanon",
        "status":"National and provincial capital",
        "pop":2302000,
        "pop_class":"1,000,000 to 4,999,999",
        "lng":35.4999963753,
        "lat":33.8833260504
    },
    {
        "fid":779,
        "city_name":"T'Bilisi",
        "gmi_admin":"GEO-TBL",
        "admin_name":"T'bilisi",
        "fips_cntry":"GG",
        "cntry_name":"Georgia",
        "status":"National and provincial capital",
        "pop":1113800,
        "pop_class":"1,000,000 to 4,999,999",
        "lng":44.7831274053,
        "lat":41.7218130346
    },
    {
        "fid":781,
        "city_name":"Yerevan",
        "gmi_admin":"ARM",
        "admin_name":"Armenia",
        "fips_cntry":"AM",
        "cntry_name":"Armenia",
        "status":"National capital",
        "pop":1079732,
        "pop_class":"1,000,000 to 4,999,999",
        "lng":44.532675334,
        "lat":40.2080310744
    },
    {
        "fid":817,
        "city_name":"Damascus",
        "gmi_admin":"SYR-DMS",
        "admin_name":"Dimashq",
        "fips_cntry":"SY",
        "cntry_name":"Syria",
        "status":"National and provincial capital",
        "pop":0,
        "pop_class":" ",
        "lng":36.2999973379,
        "lat":33.4999980478
    },
    {
        "fid":824,
        "city_name":"Amman",
        "gmi_admin":"JOR-AMM",
        "admin_name":"'Amman",
        "fips_cntry":"JO",
        "cntry_name":"Jordan",
        "status":"National and provincial capital",
        "pop":4007526,
        "pop_class":"1,000,000 to 4,999,999",
        "lng":35.9329054335,
        "lat":31.9493789286
    },
    {
        "fid":826,
        "city_name":"Jerusalem",
        "gmi_admin":"ISR-YRS",
        "admin_name":"Yerushalayim",
        "fips_cntry":"IS",
        "cntry_name":"Israel",
        "status":"National and provincial capital",
        "pop":910370,
        "pop_class":"500,000 to 999,999",
        "lng":35.2252173788,
        "lat":31.7737440055
    },
    {
        "fid":832,
        "city_name":"Baghdad",
        "gmi_admin":"IRQ-BGH",
        "admin_name":"Baghdad",
        "fips_cntry":"IZ",
        "cntry_name":"Iraq",
        "status":"National and provincial capital",
        "pop":7816000,
        "pop_class":"5,000,000 and greater",
        "lng":44.3979994368,
        "lat":33.3340020513
    },
    {
        "fid":842,
        "city_name":"Kampala",
        "gmi_admin":"UGA-CNT",
        "admin_name":"Central",
        "fips_cntry":"UG",
        "cntry_name":"Uganda",
        "status":"National and provincial capital",
        "pop":1507114,
        "pop_class":"1,000,000 to 4,999,999",
        "lng":32.5749964136,
        "lat":0.3230010361
    },
    {
        "fid":852,
        "city_name":"Khartoum",
        "gmi_admin":"SDN-AKH",
        "admin_name":"Al Khartum",
        "fips_cntry":"SU",
        "cntry_name":"Sudan",
        "status":"National and provincial capital",
        "pop":6028000,
        "pop_class":"5,000,000 and greater",
        "lng":32.5299964422,
        "lat":15.5500019332
    },
    {
        "fid":859,
        "city_name":"Asmara",
        "gmi_admin":"ERI-HMS",
        "admin_name":"Hamasen",
        "fips_cntry":"ER",
        "cntry_name":"Eritrea",
        "status":"National capital",
        "pop":0,
        "pop_class":" ",
        "lng":38.9700003852,
        "lat":15.3299970349
    },
    {
        "fid":865,
        "city_name":"Sanaa",
        "gmi_admin":"YEM-SAN",
        "admin_name":"San'a'",
        "fips_cntry":"YM",
        "cntry_name":"Yemen",
        "status":"National and provincial capital",
        "pop":3820000,
        "pop_class":"1,000,000 to 4,999,999",
        "lng":44.2095032892,
        "lat":15.3614430672
    },
    {
        "fid":874,
        "city_name":"Djibouti",
        "gmi_admin":"DJI-DJI",
        "admin_name":"Djibouti",
        "fips_cntry":"DJ",
        "cntry_name":"Djibouti",
        "status":"National and provincial capital",
        "pop":0,
        "pop_class":" ",
        "lng":43.1000013832,
        "lat":11.5000020243
    },
    {
        "fid":886,
        "city_name":"Addis Ababa",
        "gmi_admin":"ETH-SHE",
        "admin_name":"Shewa",
        "fips_cntry":"ET",
        "cntry_name":"Ethiopia",
        "status":"National and provincial capital",
        "pop":3881000,
        "pop_class":"1,000,000 to 4,999,999",
        "lng":38.7000003913,
        "lat":9.0299970664
    },
    {
        "fid":915,
        "city_name":"Vaduz",
        "gmi_admin":"LIE",
        "admin_name":"Liechtenstein",
        "fips_cntry":"LS",
        "cntry_name":"Liechtenstein",
        "status":"National capital",
        "pop":5668,
        "pop_class":"Less than 50,000",
        "lng":9.5210013725,
        "lat":47.1429989584
    },
    {
        "fid":934,
        "city_name":"Oslo",
        "gmi_admin":"NOR-OSL",
        "admin_name":"Oslo",
        "fips_cntry":"NO",
        "cntry_name":"Norway",
        "status":"National and provincial capital",
        "pop":681067,
        "pop_class":"500,000 to 999,999",
        "lng":10.7119983541,
        "lat":59.938002026
    },
    {
        "fid":964,
        "city_name":"Stockholm",
        "gmi_admin":"SWE-STC",
        "admin_name":"Stockholms",
        "fips_cntry":"SW",
        "cntry_name":"Sweden",
        "status":"National and provincial capital",
        "pop":1595000,
        "pop_class":"1,000,000 to 4,999,999",
        "lng":17.991450427,
        "lat":59.3311679873
    },
    {
        "fid":966,
        "city_name":"Prague",
        "gmi_admin":"CZE-STR",
        "admin_name":"Stredocesky",
        "fips_cntry":"EZ",
        "cntry_name":"Czech Republic",
        "status":"National and provincial capital",
        "pop":1294513,
        "pop_class":"1,000,000 to 4,999,999",
        "lng":14.4569973167,
        "lat":50.105996947
    },
    {
        "fid":971,
        "city_name":"Vienna",
        "gmi_admin":"AUT-WIE",
        "admin_name":"Wien",
        "fips_cntry":"AU",
        "cntry_name":"Austria",
        "status":"National capital and provincial capital enclave",
        "pop":1897491,
        "pop_class":"1,000,000 to 4,999,999",
        "lng":16.3209784439,
        "lat":48.2021190334
    },
    {
        "fid":983,
        "city_name":"Ljubljana",
        "gmi_admin":"SVN",
        "admin_name":"Slovenia",
        "fips_cntry":"SI",
        "cntry_name":"Slovenia",
        "status":"National capital",
        "pop":283055,
        "pop_class":"250,000 to 499,999",
        "lng":14.6396073761,
        "lat":46.0682999208
    },
    {
        "fid":984,
        "city_name":"Zagreb",
        "gmi_admin":"HRV",
        "admin_name":"Croatia",
        "fips_cntry":"HR",
        "cntry_name":"Croatia",
        "status":"National capital",
        "pop":790017,
        "pop_class":"500,000 to 999,999",
        "lng":15.9640023901,
        "lat":45.8070030435
    },
    {
        "fid":985,
        "city_name":"Berlin",
        "gmi_admin":"DEU-BER",
        "admin_name":"Berlin",
        "fips_cntry":"GM",
        "cntry_name":"Germany",
        "status":"National and provincial capital",
        "pop":3613495,
        "pop_class":"1,000,000 to 4,999,999",
        "lng":13.3275693579,
        "lat":52.5162689234
    },
    {
        "fid":996,
        "city_name":"Copenhagen",
        "gmi_admin":"DNK-SKB",
        "admin_name":"Staden Kobenhavn",
        "fips_cntry":"DA",
        "cntry_name":"Denmark",
        "status":"National capital and provincial capital enclave",
        "pop":616098,
        "pop_class":"500,000 to 999,999",
        "lng":12.5499963955,
        "lat":55.7199989694
    },
    {
        "fid":1011,
        "city_name":"Astana",
        "gmi_admin":"KAZ-TSL",
        "admin_name":"Tselinograd",
        "fips_cntry":"KZ",
        "cntry_name":"Kazakhstan",
        "status":"National and provincial capital",
        "pop":1107270,
        "pop_class":"1,000,000 to 4,999,999",
        "lng":71.4320014183,
        "lat":51.1890029333
    },
    {
        "fid":1038,
        "city_name":"New Delhi",
        "gmi_admin":"IND-DEL",
        "admin_name":"Delhi",
        "fips_cntry":"IN",
        "cntry_name":"India",
        "status":"National capital",
        "pop":257803,
        "pop_class":"250,000 to 499,999",
        "lng":77.2167513005,
        "lat":28.568726993
    },
    {
        "fid":1040,
        "city_name":"Islamabad",
        "gmi_admin":"PAK-PNJ",
        "admin_name":"Punjab",
        "fips_cntry":"PK",
        "cntry_name":"Pakistan",
        "status":"National capital",
        "pop":1014825,
        "pop_class":"1,000,000 to 4,999,999",
        "lng":73.0605423245,
        "lat":33.7181579687
    },
    {
        "fid":1049,
        "city_name":"Bishkek",
        "gmi_admin":"KGZ-BSK",
        "admin_name":"Bishkek",
        "fips_cntry":"KG",
        "cntry_name":"Kyrgyzstan",
        "status":"National and provincial capital",
        "pop":991257,
        "pop_class":"500,000 to 999,999",
        "lng":74.7700024231,
        "lat":42.8799959305
    },
    {
        "fid":1058,
        "city_name":"Dushanbe",
        "gmi_admin":"TJK-DSH",
        "admin_name":"Dushanbe",
        "fips_cntry":"TI",
        "cntry_name":"Tajikistan",
        "status":"National and provincial capital",
        "pop":770027,
        "pop_class":"500,000 to 999,999",
        "lng":68.9000042959,
        "lat":38.6299979323
    },
    {
        "fid":1072,
        "city_name":"Kabul",
        "gmi_admin":"AFG-KAB",
        "admin_name":"Kabol",
        "fips_cntry":"AF",
        "cntry_name":"Afghanistan",
        "status":"National and provincial capital",
        "pop":4136000,
        "pop_class":"1,000,000 to 4,999,999",
        "lng":69.1367582918,
        "lat":34.5309119295
    },
    {
        "fid":1078,
        "city_name":"Tashkent",
        "gmi_admin":"UZB-TSK",
        "admin_name":"Tashkent",
        "fips_cntry":"UZ",
        "cntry_name":"Uzbekistan",
        "status":"National and provincial capital",
        "pop":2509969,
        "pop_class":"1,000,000 to 4,999,999",
        "lng":69.3498693063,
        "lat":41.2479360143
    },
    {
        "fid":1094,
        "city_name":"Kathmandu",
        "gmi_admin":"NPL-BGM",
        "admin_name":"Bagmati",
        "fips_cntry":"NP",
        "cntry_name":"Nepal",
        "status":"National and provincial capital",
        "pop":1467000,
        "pop_class":"1,000,000 to 4,999,999",
        "lng":85.3129534336,
        "lat":27.7120169317
    },
    {
        "fid":1103,
        "city_name":"Thimphu",
        "gmi_admin":"BTN-THM",
        "admin_name":"Thimphu",
        "fips_cntry":"BT",
        "cntry_name":"Bhutan",
        "status":"National and provincial capital",
        "pop":114551,
        "pop_class":"100,000 to 249,999",
        "lng":89.6670004408,
        "lat":27.4429979249
    },
    {
        "fid":1131,
        "city_name":"Colombo",
        "gmi_admin":"LKA-WST",
        "admin_name":"Western",
        "fips_cntry":"CE",
        "cntry_name":"Sri Lanka",
        "status":"National and provincial capital",
        "pop":0,
        "pop_class":" ",
        "lng":79.8480003916,
        "lat":6.9270029259
    },
    {
        "fid":1140,
        "city_name":"Koror",
        "gmi_admin":"PLW",
        "admin_name":"Palau",
        "fips_cntry":"PS",
        "cntry_name":"Palau",
        "status":"National and provincial capital",
        "pop":11754,
        "pop_class":"Less than 50,000",
        "lng":134.4916803026,
        "lat":7.3406159275
    },
    {
        "fid":1210,
        "city_name":"Bangkok",
        "gmi_admin":"THA-KTH",
        "admin_name":"Krung Thep",
        "fips_cntry":"TH",
        "cntry_name":"Thailand",
        "status":"National and provincial capital",
        "pop":8305218,
        "pop_class":"5,000,000 and greater",
        "lng":100.5166714418,
        "lat":13.7500019185
    },
    {
        "fid":1252,
        "city_name":"Phnom Penh",
        "gmi_admin":"KHM-PPE",
        "admin_name":"Phnum Penh",
        "fips_cntry":"CB",
        "cntry_name":"Cambodia",
        "status":"National and provincial capital",
        "pop":1958000,
        "pop_class":"1,000,000 to 4,999,999",
        "lng":104.9131893337,
        "lat":11.5647390663
    },
    {
        "fid":1258,
        "city_name":"Vientiane",
        "gmi_admin":"LAO-VNG",
        "admin_name":"Viangchan",
        "fips_cntry":"LA",
        "cntry_name":"Laos",
        "status":"National and provincial capital",
        "pop":1246000,
        "pop_class":"1,000,000 to 4,999,999",
        "lng":102.6802354148,
        "lat":18.0017369987
    },
    {
        "fid":1267,
        "city_name":"Hanoi",
        "gmi_admin":"VNM-HNO",
        "admin_name":"Ha Noi",
        "fips_cntry":"VM",
        "cntry_name":"Vietnam",
        "status":"National capital and provincial capital enclave",
        "pop":4201000,
        "pop_class":"1,000,000 to 4,999,999",
        "lng":105.820002386,
        "lat":21.0300030662
    },
    {
        "fid":1293,
        "city_name":"Kuala Lumpur",
        "gmi_admin":"MYS-KLL",
        "admin_name":"Kuala Lumpur",
        "fips_cntry":"MY",
        "cntry_name":"Malaysia",
        "status":"National and provincial capital",
        "pop":1839451,
        "pop_class":"1,000,000 to 4,999,999",
        "lng":101.7080013766,
        "lat":3.1499999201
    },
    {
        "fid":1300,
        "city_name":"Singapore",
        "gmi_admin":"SGP",
        "admin_name":"Singapore",
        "fips_cntry":"SN",
        "cntry_name":"Singapore",
        "status":"National capital",
        "pop":5703569,
        "pop_class":"5,000,000 and greater",
        "lng":103.8317943308,
        "lat":1.2688559861
    },
    {
        "fid":1332,
        "city_name":"Dhaka",
        "gmi_admin":"BGD-DAK",
        "admin_name":"Dhaka",
        "fips_cntry":"BG",
        "cntry_name":"Bangladesh",
        "status":"National and provincial capital",
        "pop":8906035,
        "pop_class":"5,000,000 and greater",
        "lng":90.4071423234,
        "lat":23.7099149441
    },
    {
        "fid":1368,
        "city_name":"Beijing",
        "gmi_admin":"CHN-BJN",
        "admin_name":"Beijing",
        "fips_cntry":"CH",
        "cntry_name":"China",
        "status":"National and provincial capital",
        "pop":20781000,
        "pop_class":"5,000,000 and greater",
        "lng":116.3880364167,
        "lat":39.9061890457
    },
    {
        "fid":1383,
        "city_name":"P'yongyang",
        "gmi_admin":"PRK-PSI",
        "admin_name":"P'yongyang-si",
        "fips_cntry":"KN",
        "cntry_name":"North Korea",
        "status":"National and provincial capital",
        "pop":3049000,
        "pop_class":"1,000,000 to 4,999,999",
        "lng":125.7570003454,
        "lat":39.0290040223
    },
    {
        "fid":1390,
        "city_name":"Seoul",
        "gmi_admin":"KOR-SJK",
        "admin_name":"Seoul-jikhalsi",
        "fips_cntry":"KS",
        "cntry_name":"South Korea",
        "status":"National capital and provincial capital enclave",
        "pop":9704546,
        "pop_class":"5,000,000 and greater",
        "lng":126.9352443288,
        "lat":37.5423570796
    },
    {
        "fid":1408,
        "city_name":"Manila",
        "gmi_admin":"PHL-NCR",
        "admin_name":"National Capital Region",
        "fips_cntry":"RP",
        "cntry_name":"Philippines",
        "status":"National and provincial capital",
        "pop":1780148,
        "pop_class":"1,000,000 to 4,999,999",
        "lng":120.9669484117,
        "lat":14.6167020628
    },
    {
        "fid":1410,
        "city_name":"Bandar Seri Begawan",
        "gmi_admin":"BRN",
        "admin_name":"Brunei",
        "fips_cntry":"BX",
        "cntry_name":"Brunei",
        "status":"National capital",
        "pop":0,
        "pop_class":" ",
        "lng":114.9669994422,
        "lat":4.932998971
    },
    {
        "fid":1414,
        "city_name":"Ulaanbaatar",
        "gmi_admin":"MNG-ULN",
        "admin_name":"Ulaanbaatar",
        "fips_cntry":"MG",
        "cntry_name":"Mongolia",
        "status":"National and provincial capital",
        "pop":1515593,
        "pop_class":"1,000,000 to 4,999,999",
        "lng":106.9119994305,
        "lat":47.9289960319
    },
    {
        "fid":1452,
        "city_name":"Majuro",
        "gmi_admin":"MHL",
        "admin_name":"Marshall Is.",
        "fips_cntry":"RM",
        "cntry_name":"Marshall Is.",
        "status":"National capital",
        "pop":27797,
        "pop_class":"Less than 50,000",
        "lng":171.3676594084,
        "lat":7.1209800578
    },
    {
        "fid":1453,
        "city_name":"Palikir",
        "gmi_admin":"FSM",
        "admin_name":"Micronesia",
        "fips_cntry":"FM",
        "cntry_name":"Micronesia",
        "status":"National capital",
        "pop":0,
        "pop_class":" ",
        "lng":158.2167062856,
        "lat":6.9667019593
    },
    {
        "fid":1454,
        "city_name":"Tarawa",
        "gmi_admin":"KIR",
        "admin_name":"Kiribati",
        "fips_cntry":"KR",
        "cntry_name":"Kiribati",
        "status":"National capital",
        "pop":63017,
        "pop_class":"50,000 to 99,999",
        "lng":172.9211134281,
        "lat":1.3407569812
    },
    {
        "fid":1458,
        "city_name":"Saipan",
        "gmi_admin":"MNP",
        "admin_name":"Northern Mariana Is.",
        "fips_cntry":"CQ",
        "cntry_name":"Northern Mariana Is.",
        "status":"National and provincial capital",
        "pop":3983,
        "pop_class":"Less than 50,000",
        "lng":145.7350023423,
        "lat":15.1499969838
    },
    {
        "fid":1459,
        "city_name":"Hagatna",
        "gmi_admin":"GUM",
        "admin_name":"Guam",
        "fips_cntry":"GQ",
        "cntry_name":"Guam",
        "status":"National and provincial capital",
        "pop":1051,
        "pop_class":"Less than 50,000",
        "lng":144.7469914231,
        "lat":13.4669970603
    },
    {
        "fid":1460,
        "city_name":"Tokyo",
        "gmi_admin":"JPN-KNT",
        "admin_name":"Kanto",
        "fips_cntry":"JA",
        "cntry_name":"Japan",
        "status":"National and provincial capital",
        "pop":9272740,
        "pop_class":"5,000,000 and greater",
        "lng":139.8090063652,
        "lat":35.6830020481
    },
    {
        "fid":1475,
        "city_name":"West Island",
        "gmi_admin":"CCK",
        "admin_name":"Cocos Is.",
        "fips_cntry":"CK",
        "cntry_name":"Cocos Is.",
        "status":"National and provincial capital",
        "pop":0,
        "pop_class":" ",
        "lng":96.8260773834,
        "lat":-12.1575329377
    },
    {
        "fid":1476,
        "city_name":"The Settlement",
        "gmi_admin":"CXR",
        "admin_name":"Christmas I.",
        "fips_cntry":"KT",
        "cntry_name":"Christmas I.",
        "status":"National and provincial capital",
        "pop":0,
        "pop_class":" ",
        "lng":105.7167003702,
        "lat":-10.4166989577
    },
    {
        "fid":1482,
        "city_name":"Jakarta",
        "gmi_admin":"IDN-JRA",
        "admin_name":"Jakarta Raya",
        "fips_cntry":"ID",
        "cntry_name":"Indonesia",
        "status":"National and provincial capital",
        "pop":9607787,
        "pop_class":"5,000,000 and greater",
        "lng":106.8000033997,
        "lat":-6.1666650495
    },
    {
        "fid":1487,
        "city_name":"Dili",
        "gmi_admin":"TLS",
        "admin_name":"Timor Leste",
        "fips_cntry":"TT",
        "cntry_name":"Timor Leste",
        "status":"National capital",
        "pop":222323,
        "pop_class":"100,000 to 249,999",
        "lng":125.5809963937,
        "lat":-8.5709969899
    },
    {
        "fid":1503,
        "city_name":"Kingston",
        "gmi_admin":"NFK",
        "admin_name":"Norfolk I.",
        "fips_cntry":"NF",
        "cntry_name":"Norfolk I.",
        "status":"National and provincial capital",
        "pop":0,
        "pop_class":" ",
        "lng":167.9629502858,
        "lat":-29.0637719838
    },
    {
        "fid":1506,
        "city_name":"Wellington",
        "gmi_admin":"NZL-WLL",
        "admin_name":"Wellington",
        "fips_cntry":"NZ",
        "cntry_name":"New Zealand",
        "status":"National and provincial capital",
        "pop":216300,
        "pop_class":"100,000 to 249,999",
        "lng":174.8072164108,
        "lat":-41.3348400517
    },
    {
        "fid":1513,
        "city_name":"Washington D.C.",
        "gmi_admin":"USA-DOC",
        "admin_name":"District of Columbia",
        "fips_cntry":"US",
        "cntry_name":"United States",
        "status":"National and provincial capital",
        "pop":705749,
        "pop_class":"500,000 to 999,999",
        "lng":-76.9538336884,
        "lat":38.8909080743
    },
    {
        "fid":1532,
        "city_name":"Caracas",
        "gmi_admin":"VEN-DFD",
        "admin_name":"Distrito Federal",
        "fips_cntry":"VE",
        "cntry_name":"Venezuela",
        "status":"National and provincial capital",
        "pop":2082130,
        "pop_class":"1,000,000 to 4,999,999",
        "lng":-66.8982775618,
        "lat":10.4960429484
    },
    {
        "fid":1542,
        "city_name":"Port of Spain",
        "gmi_admin":"TTO",
        "admin_name":"Trinidad & Tobago",
        "fips_cntry":"TD",
        "cntry_name":"Trinidad & Tobago",
        "status":"National capital",
        "pop":37074,
        "pop_class":"Less than 50,000",
        "lng":-61.4900605923,
        "lat":10.6397370431
    },
    {
        "fid":1546,
        "city_name":"Georgetown",
        "gmi_admin":"GUY-DMM",
        "admin_name":"Demerara-Mahaica",
        "fips_cntry":"GY",
        "cntry_name":"Guyana",
        "status":"National capital",
        "pop":24849,
        "pop_class":"Less than 50,000",
        "lng":-58.1699966923,
        "lat":6.7699979876
    },
    {
        "fid":1549,
        "city_name":"Road Town",
        "gmi_admin":"VGB",
        "admin_name":"British Virgin Is.",
        "fips_cntry":"VI",
        "cntry_name":"British Virgin Is.",
        "status":"National and provincial capital",
        "pop":0,
        "pop_class":" ",
        "lng":-64.621700661,
        "lat":18.4090680751
    },
    {
        "fid":1550,
        "city_name":"San Juan",
        "gmi_admin":"PRI-SJN",
        "admin_name":"San Juan",
        "fips_cntry":"RQ",
        "cntry_name":"Puerto Rico",
        "status":"National and provincial capital",
        "pop":320967,
        "pop_class":"250,000 to 499,999",
        "lng":-66.0689995612,
        "lat":18.3989970706
    },
    {
        "fid":1551,
        "city_name":"Charlotte Amalie",
        "gmi_admin":"VIR",
        "admin_name":"Virgin Is.",
        "fips_cntry":"VQ",
        "cntry_name":"Virgin Is.",
        "status":"National and provincial capital",
        "pop":0,
        "pop_class":" ",
        "lng":-64.9333346887,
        "lat":18.3500009998
    },
    {
        "fid":1552,
        "city_name":"The Valley",
        "gmi_admin":"AIA",
        "admin_name":"Anguilla",
        "fips_cntry":"AV",
        "cntry_name":"Anguilla",
        "status":"National and provincial capital",
        "pop":2812,
        "pop_class":"Less than 50,000",
        "lng":-63.0666626317,
        "lat":18.2166660167
    },
    {
        "fid":1555,
        "city_name":"Basseterre",
        "gmi_admin":"KNA",
        "admin_name":"St. Kitts & Nevis",
        "fips_cntry":"SC",
        "cntry_name":"St. Kitts & Nevis",
        "status":"National capital",
        "pop":0,
        "pop_class":" ",
        "lng":-62.7319975813,
        "lat":17.2929959715
    },
    {
        "fid":1556,
        "city_name":"Saint John's",
        "gmi_admin":"ATG",
        "admin_name":"Antigua & Barbuda",
        "fips_cntry":"AC",
        "cntry_name":"Antigua & Barbuda",
        "status":"National capital",
        "pop":0,
        "pop_class":" ",
        "lng":-61.8421765566,
        "lat":17.124777033
    },
    {
        "fid":1557,
        "city_name":"Plymouth",
        "gmi_admin":"MSR",
        "admin_name":"Montserrat",
        "fips_cntry":"MH",
        "cntry_name":"Montserrat",
        "status":"National and provincial capital",
        "pop":0,
        "pop_class":" ",
        "lng":-62.2009975877,
        "lat":16.6799970045
    },
    {
        "fid":1559,
        "city_name":"Basse-Terre",
        "gmi_admin":"GLP",
        "admin_name":"Guadeloupe",
        "fips_cntry":"GP",
        "cntry_name":"Guadeloupe",
        "status":"National and provincial capital",
        "pop":0,
        "pop_class":" ",
        "lng":-61.724258693,
        "lat":16.0049160155
    },
    {
        "fid":1560,
        "city_name":"Roseau",
        "gmi_admin":"DMA",
        "admin_name":"Dominica",
        "fips_cntry":"DO",
        "cntry_name":"Dominica",
        "status":"National capital",
        "pop":0,
        "pop_class":" ",
        "lng":-61.3884686847,
        "lat":15.2990009527
    },
    {
        "fid":1561,
        "city_name":"Fort-De-France",
        "gmi_admin":"MTQ",
        "admin_name":"Martinique",
        "fips_cntry":"MB",
        "cntry_name":"Martinique",
        "status":"National and provincial capital",
        "pop":82502,
        "pop_class":"50,000 to 99,999",
        "lng":-61.0759976406,
        "lat":14.6074319992
    },
    {
        "fid":1562,
        "city_name":"Castries",
        "gmi_admin":"LCA",
        "admin_name":"St. Lucia",
        "fips_cntry":"ST",
        "cntry_name":"St. Lucia",
        "status":"National capital",
        "pop":0,
        "pop_class":" ",
        "lng":-60.9830006232,
        "lat":14.0000040397
    },
    {
        "fid":1563,
        "city_name":"Kingstown",
        "gmi_admin":"VCT",
        "admin_name":"St. Vincent & the Grenadines",
        "fips_cntry":"VC",
        "cntry_name":"St. Vincent & the Grenadines",
        "status":"National capital",
        "pop":0,
        "pop_class":" ",
        "lng":-61.2293126243,
        "lat":13.1553630326
    },
    {
        "fid":1564,
        "city_name":"Bridgetown",
        "gmi_admin":"BRB",
        "admin_name":"Barbados",
        "fips_cntry":"BB",
        "cntry_name":"Barbados",
        "status":"National capital",
        "pop":0,
        "pop_class":" ",
        "lng":-59.6158466175,
        "lat":13.095872981
    },
    {
        "fid":1565,
        "city_name":"Saint George's",
        "gmi_admin":"GRD",
        "admin_name":"Grenada",
        "fips_cntry":"GJ",
        "cntry_name":"Grenada",
        "status":"National capital",
        "pop":38251,
        "pop_class":"Less than 50,000",
        "lng":-61.7450035591,
        "lat":12.0650039453
    },
    {
        "fid":1568,
        "city_name":"Paramaribo",
        "gmi_admin":"SUR-PRM",
        "admin_name":"Paramaribo",
        "fips_cntry":"NS",
        "cntry_name":"Suriname",
        "status":"National capital and provincial capital enclave",
        "pop":240924,
        "pop_class":"100,000 to 249,999",
        "lng":-55.1699997018,
        "lat":5.825996951
    },
    {
        "fid":1572,
        "city_name":"Cayenne",
        "gmi_admin":"GUF-CYN",
        "admin_name":"Cayenne",
        "fips_cntry":"FG",
        "cntry_name":"French Guiana",
        "status":"National capital",
        "pop":57614,
        "pop_class":"50,000 to 99,999",
        "lng":-52.3299956225,
        "lat":4.9349970207
    },
    {
        "fid":1578,
        "city_name":"Saint-Pierre",
        "gmi_admin":"SPM",
        "admin_name":"St. Pierre & Miquelon",
        "fips_cntry":"SB",
        "cntry_name":"St. Pierre & Miquelon",
        "status":"National and provincial capital",
        "pop":0,
        "pop_class":" ",
        "lng":-56.1940016621,
        "lat":46.7859959308
    },
    {
        "fid":1580,
        "city_name":"Ottawa",
        "gmi_admin":"CAN-ONT",
        "admin_name":"Ontario",
        "fips_cntry":"CA",
        "cntry_name":"Canada",
        "status":"National capital",
        "pop":1028514,
        "pop_class":"1,000,000 to 4,999,999",
        "lng":-75.6510026846,
        "lat":45.3740039622
    },
    {
        "fid":1584,
        "city_name":"Nuuk",
        "gmi_admin":"GRL-VST",
        "admin_name":"Vestgronland",
        "fips_cntry":"GL",
        "cntry_name":"Greenland",
        "status":"National and provincial capital",
        "pop":18128,
        "pop_class":"Less than 50,000",
        "lng":-51.5799986916,
        "lat":64.2711870048
    },
    {
        "fid":1595,
        "city_name":"St. Peter Port",
        "gmi_admin":"XGK",
        "admin_name":"Guernsey",
        "fips_cntry":"GK",
        "cntry_name":"Guernsey",
        "status":"National and provincial capital",
        "pop":18958,
        "pop_class":"Less than 50,000",
        "lng":-2.5333016362,
        "lat":49.4499960583
    },
    {
        "fid":1596,
        "city_name":"St. Helier",
        "gmi_admin":"XJE",
        "admin_name":"Jersey",
        "fips_cntry":"JE",
        "cntry_name":"Jersey",
        "status":"National and provincial capital",
        "pop":0,
        "pop_class":" ",
        "lng":-2.0999965756,
        "lat":49.1832989528
    },
    {
        "fid":1601,
        "city_name":"Torshavn",
        "gmi_admin":"FRO",
        "admin_name":"Faeroe Islands",
        "fips_cntry":"FO",
        "cntry_name":"Faroe Is.",
        "status":"National and provincial capital",
        "pop":13408,
        "pop_class":"Less than 50,000",
        "lng":-6.7699975614,
        "lat":62.0209979628
    },
    {
        "fid":1602,
        "city_name":"Reykjavik",
        "gmi_admin":"ISL-RYK",
        "admin_name":"Reykjavik",
        "fips_cntry":"IC",
        "cntry_name":"Iceland",
        "status":"National and provincial capital",
        "pop":127417,
        "pop_class":"100,000 to 249,999",
        "lng":-21.8950016124,
        "lat":64.1349989179
    },
    {
        "fid":1607,
        "city_name":"Dublin",
        "gmi_admin":"IRL-LEN",
        "admin_name":"Leinster",
        "fips_cntry":"EI",
        "cntry_name":"Ireland",
        "status":"National and provincial capital",
        "pop":544107,
        "pop_class":"500,000 to 999,999",
        "lng":-6.2573487128,
        "lat":53.3415599262
    },
    {
        "fid":1611,
        "city_name":"London",
        "gmi_admin":"GBR-ENG",
        "admin_name":"England",
        "fips_cntry":"UK",
        "cntry_name":"United Kingdom",
        "status":"National and provincial capital",
        "pop":8135667,
        "pop_class":"5,000,000 and greater",
        "lng":-0.1780016766,
        "lat":51.4879109367
    },
    {
        "fid":1616,
        "city_name":"Douglas",
        "gmi_admin":"XIM",
        "admin_name":"Isle of Man",
        "fips_cntry":"IM",
        "cntry_name":"Isle of Man",
        "status":"National and provincial capital",
        "pop":0,
        "pop_class":" ",
        "lng":-4.4791826121,
        "lat":54.1519289365
    },
    {
        "fid":1628,
        "city_name":"Praia",
        "gmi_admin":"CPV",
        "admin_name":"Cape Verde",
        "fips_cntry":"CV",
        "cntry_name":"Cape Verde",
        "status":"National capital",
        "pop":0,
        "pop_class":" ",
        "lng":-23.5209955595,
        "lat":14.9229990771
    },
    {
        "fid":1643,
        "city_name":"Rabat",
        "gmi_admin":"MAR-NWT",
        "admin_name":"North-West",
        "fips_cntry":"MO",
        "cntry_name":"Morocco",
        "status":"National and provincial capital",
        "pop":2213000,
        "pop_class":"1,000,000 to 4,999,999",
        "lng":-6.8329976869,
        "lat":34.014995937
    },
    {
        "fid":1647,
        "city_name":"Lisbon",
        "gmi_admin":"PRT-LIS",
        "admin_name":"Lisboa",
        "fips_cntry":"PO",
        "cntry_name":"Portugal",
        "status":"National and provincial capital",
        "pop":506654,
        "pop_class":"500,000 to 999,999",
        "lng":-9.1299956022,
        "lat":38.7299970597
    },
    {
        "fid":1658,
        "city_name":"Madrid",
        "gmi_admin":"ESP-MDR",
        "admin_name":"Madrid",
        "fips_cntry":"SP",
        "cntry_name":"Spain",
        "status":"National and provincial capital",
        "pop":3244730,
        "pop_class":"1,000,000 to 4,999,999",
        "lng":-3.6909716982,
        "lat":40.4422200735
    },
    {
        "fid":1664,
        "city_name":"Gibraltar",
        "gmi_admin":"GIB",
        "admin_name":"Gibraltar",
        "fips_cntry":"GI",
        "cntry_name":"Gibraltar",
        "status":"National and provincial capital",
        "pop":34003,
        "pop_class":"Less than 50,000",
        "lng":-5.3520026731,
        "lat":36.1289970576
    },
    {
        "fid":1690,
        "city_name":"Conakry",
        "gmi_admin":"GIN-CNK",
        "admin_name":"Conakry",
        "fips_cntry":"GV",
        "cntry_name":"Guinea",
        "status":"National and provincial capital",
        "pop":1879695,
        "pop_class":"1,000,000 to 4,999,999",
        "lng":-13.6719986184,
        "lat":9.549999016
    },
    {
        "fid":1694,
        "city_name":"Freetown",
        "gmi_admin":"SLE-WAR",
        "admin_name":"Western Area",
        "fips_cntry":"SL",
        "cntry_name":"Sierra Leone",
        "status":"National and provincial capital",
        "pop":1055964,
        "pop_class":"1,000,000 to 4,999,999",
        "lng":-13.2389997025,
        "lat":8.4860009792
    },
    {
        "fid":1704,
        "city_name":"Dakar",
        "gmi_admin":"SEN-DKR",
        "admin_name":"Dakar",
        "fips_cntry":"SG",
        "cntry_name":"Senegal",
        "status":"National and provincial capital",
        "pop":150257,
        "pop_class":"100,000 to 249,999",
        "lng":-17.4519986988,
        "lat":14.6870010106
    },
    {
        "fid":1705,
        "city_name":"Nouakchott",
        "gmi_admin":"MRT-TRR",
        "admin_name":"Trarza",
        "fips_cntry":"MR",
        "cntry_name":"Mauritania",
        "status":"National capital",
        "pop":958399,
        "pop_class":"500,000 to 999,999",
        "lng":-15.9779966934,
        "lat":18.0839969398
    },
    {
        "fid":1713,
        "city_name":"Banjul",
        "gmi_admin":"GMB-BNJ",
        "admin_name":"Banjul",
        "fips_cntry":"GA",
        "cntry_name":"The Gambia",
        "status":"National capital and provincial capital enclave",
        "pop":0,
        "pop_class":" ",
        "lng":-16.59679156,
        "lat":13.4639549742
    },
    {
        "fid":1720,
        "city_name":"Bissau",
        "gmi_admin":"GNB-BIS",
        "admin_name":"Bissau",
        "fips_cntry":"PU",
        "cntry_name":"Guinea-Bissau",
        "status":"National capital and provincial capital enclave",
        "pop":0,
        "pop_class":" ",
        "lng":-15.5979987184,
        "lat":11.8639980605
    },
    {
        "fid":1737,
        "city_name":"Bamako",
        "gmi_admin":"MLI-BAM",
        "admin_name":"Bamako",
        "fips_cntry":"ML",
        "cntry_name":"Mali",
        "status":"National and provincial capital",
        "pop":2998000,
        "pop_class":"1,000,000 to 4,999,999",
        "lng":-7.9864826672,
        "lat":12.6529559676
    },
    {
        "fid":1752,
        "city_name":"Ouagadougou",
        "gmi_admin":"BFA-KDG",
        "admin_name":"Kadiogo",
        "fips_cntry":"UV",
        "cntry_name":"Burkina Faso",
        "status":"National and provincial capital",
        "pop":3662000,
        "pop_class":"1,000,000 to 4,999,999",
        "lng":-1.6700036704,
        "lat":12.4800030381
    },
    {
        "fid":1784,
        "city_name":"Monrovia",
        "gmi_admin":"LBR-MNT",
        "admin_name":"Montserrado",
        "fips_cntry":"LI",
        "cntry_name":"Liberia",
        "status":"National capital",
        "pop":0,
        "pop_class":" ",
        "lng":-10.7970026884,
        "lat":6.3009989292
    },
    {
        "fid":1822,
        "city_name":"Yamoussoukro",
        "gmi_admin":"CIV-YMS",
        "admin_name":"Yamoussoukro",
        "fips_cntry":"IV",
        "cntry_name":"Cote d'Ivoire",
        "status":"National and provincial capital",
        "pop":212670,
        "pop_class":"100,000 to 249,999",
        "lng":-5.2829996279,
        "lat":6.8180039697
    },
    {
        "fid":1848,
        "city_name":"Accra",
        "gmi_admin":"GHA-GAC",
        "admin_name":"Greater Accra",
        "fips_cntry":"GH",
        "cntry_name":"Ghana",
        "status":"National and provincial capital",
        "pop":1594419,
        "pop_class":"1,000,000 to 4,999,999",
        "lng":-0.2009246385,
        "lat":5.5585619538
    },
    {
        "fid":1862,
        "city_name":"Sao Tome",
        "gmi_admin":"STP-STO",
        "admin_name":"Sao Tome",
        "fips_cntry":"TP",
        "cntry_name":"Sao Tome & Principe",
        "status":"National and provincial capital",
        "pop":0,
        "pop_class":" ",
        "lng":6.7280044159,
        "lat":0.3369959891
    },
    {
        "fid":1879,
        "city_name":"Porto Novo",
        "gmi_admin":"BEN-OUE",
        "admin_name":"Oueme",
        "fips_cntry":"BN",
        "cntry_name":"Benin",
        "status":"National and provincial capital",
        "pop":264320,
        "pop_class":"250,000 to 499,999",
        "lng":2.632500307,
        "lat":6.6011040413
    },
    {
        "fid":1882,
        "city_name":"Lome",
        "gmi_admin":"TGO-GLF",
        "admin_name":"Golfe",
        "fips_cntry":"TO",
        "cntry_name":"Togo",
        "status":"National and provincial capital",
        "pop":839566,
        "pop_class":"500,000 to 999,999",
        "lng":1.2015454004,
        "lat":6.1028370465
    },
    {
        "fid":1885,
        "city_name":"Abuja",
        "gmi_admin":"NGA-FCT",
        "admin_name":"Abuja Capital Territory (Abuja)",
        "fips_cntry":"NI",
        "cntry_name":"Nigeria",
        "status":"National and provincial capital",
        "pop":3306000,
        "pop_class":"1,000,000 to 4,999,999",
        "lng":7.2563852996,
        "lat":9.0572669531
    },
    {
        "fid":1893,
        "city_name":"Niamey",
        "gmi_admin":"NER-NIA",
        "admin_name":"Niamey",
        "fips_cntry":"NG",
        "cntry_name":"Niger",
        "status":"National and provincial capital",
        "pop":1026848,
        "pop_class":"1,000,000 to 4,999,999",
        "lng":2.1200043652,
        "lat":13.5140040175
    },
    {
        "fid":1910,
        "city_name":"Algiers",
        "gmi_admin":"DZA-ALG",
        "admin_name":"Alger",
        "fips_cntry":"AG",
        "cntry_name":"Algeria",
        "status":"National and provincial capital",
        "pop":3608000,
        "pop_class":"1,000,000 to 4,999,999",
        "lng":3.0500013472,
        "lat":36.7832969397
    },
    {
        "fid":1920,
        "city_name":"Andorra La Valla",
        "gmi_admin":"AND",
        "admin_name":"Andorra",
        "fips_cntry":"AN",
        "cntry_name":"Andorra",
        "status":"National capital",
        "pop":22205,
        "pop_class":"Less than 50,000",
        "lng":1.5166623626,
        "lat":42.4999979555
    },
    {
        "fid":1923,
        "city_name":"Monaco",
        "gmi_admin":"MCO",
        "admin_name":"Monaco",
        "fips_cntry":"MN",
        "cntry_name":"Monaco",
        "status":"National capital",
        "pop":0,
        "pop_class":" ",
        "lng":7.4240013811,
        "lat":43.7450040044
    },
    {
        "fid":1937,
        "city_name":"Paris",
        "gmi_admin":"FRA-IDF",
        "admin_name":"Ile-de-France",
        "fips_cntry":"FR",
        "cntry_name":"France",
        "status":"National and provincial capital",
        "pop":2206488,
        "pop_class":"1,000,000 to 4,999,999",
        "lng":2.3549531482,
        "lat":48.8582874335
    },
    {
        "fid":1957,
        "city_name":"Brussels",
        "gmi_admin":"BEL-BRS",
        "admin_name":"Bruxelles-Brussel",
        "fips_cntry":"BE",
        "cntry_name":"Belgium",
        "status":"National capital and provincial capital enclave",
        "pop":1550299,
        "pop_class":"1,000,000 to 4,999,999",
        "lng":4.367997439,
        "lat":50.837003966
    },
    {
        "fid":1959,
        "city_name":"Amsterdam",
        "gmi_admin":"NLD-NHL",
        "admin_name":"Noord-Holland",
        "fips_cntry":"NL",
        "cntry_name":"Netherlands",
        "status":"National capital",
        "pop":821752,
        "pop_class":"500,000 to 999,999",
        "lng":4.8948393247,
        "lat":52.3730429819
    },
    {
        "fid":1990,
        "city_name":"Bern",
        "gmi_admin":"CHE-BER",
        "admin_name":"Bern",
        "fips_cntry":"SZ",
        "cntry_name":"Switzerland",
        "status":"National and provincial capital",
        "pop":133883,
        "pop_class":"100,000 to 249,999",
        "lng":7.4459973035,
        "lat":46.9479959933
    },
    {
        "fid":1997,
        "city_name":"Luxembourg",
        "gmi_admin":"LUX-LXM",
        "admin_name":"Luxembourg",
        "fips_cntry":"LU",
        "cntry_name":"Luxembourg",
        "status":"National and provincial capital",
        "pop":119215,
        "pop_class":"100,000 to 249,999",
        "lng":6.1200004077,
        "lat":49.6080000215
    },
    {
        "fid":2029,
        "city_name":"Warsaw",
        "gmi_admin":"POL-WRS",
        "admin_name":"Warszawa",
        "fips_cntry":"PL",
        "cntry_name":"Poland",
        "status":"National and provincial capital",
        "pop":1766212,
        "pop_class":"1,000,000 to 4,999,999",
        "lng":21.0118773681,
        "lat":52.2449460531
    },
    {
        "fid":2039,
        "city_name":"Bratislava",
        "gmi_admin":"SVK-BRS",
        "admin_name":"Bratislava",
        "fips_cntry":"LO",
        "cntry_name":"Slovakia",
        "status":"National capital and provincial capital enclave",
        "pop":431214,
        "pop_class":"250,000 to 499,999",
        "lng":17.1299974386,
        "lat":48.149999955
    },
    {
        "fid":2042,
        "city_name":"Budapest",
        "gmi_admin":"HUN-BDP",
        "admin_name":"Budapest",
        "fips_cntry":"HU",
        "cntry_name":"Hungary",
        "status":"National capital and provincial capital enclave",
        "pop":1751010,
        "pop_class":"1,000,000 to 4,999,999",
        "lng":19.0940043361,
        "lat":47.514995964
    },
    {
        "fid":2069,
        "city_name":"Longyearbyen",
        "gmi_admin":"SJM",
        "admin_name":"Svalbard and Jan Mayen",
        "fips_cntry":"SV",
        "cntry_name":"Svalbard",
        "status":"National and provincial capital",
        "pop":0,
        "pop_class":" ",
        "lng":15.6600003033,
        "lat":78.2000010314
    },
    {
        "fid":2082,
        "city_name":"Minsk",
        "gmi_admin":"BLR-MNS",
        "admin_name":"Minsk",
        "fips_cntry":"BO",
        "cntry_name":"Belarus",
        "status":"National and provincial capital",
        "pop":1982444,
        "pop_class":"1,000,000 to 4,999,999",
        "lng":27.5755593299,
        "lat":53.8999380327
    },
    {
        "fid":2115,
        "city_name":"Vilnius",
        "gmi_admin":"LTU",
        "admin_name":"Lithuania",
        "fips_cntry":"LH",
        "cntry_name":"Lithuania",
        "status":"National capital",
        "pop":549808,
        "pop_class":"500,000 to 999,999",
        "lng":25.2759603425,
        "lat":54.6885629867
    },
    {
        "fid":2124,
        "city_name":"Kyiv",
        "gmi_admin":"UKR-KYV",
        "admin_name":"Kyiv",
        "fips_cntry":"UP",
        "cntry_name":"Ukraine",
        "status":"National and provincial capital",
        "pop":2893215,
        "pop_class":"1,000,000 to 4,999,999",
        "lng":30.5021073913,
        "lat":50.4481590691
    },
    {
        "fid":2129,
        "city_name":"Chisinau",
        "gmi_admin":"MDA",
        "admin_name":"Moldova",
        "fips_cntry":"MD",
        "cntry_name":"Moldova",
        "status":"National capital",
        "pop":0,
        "pop_class":" ",
        "lng":28.8299972855,
        "lat":46.9999980748
    },
    {
        "fid":2136,
        "city_name":"Helsinki",
        "gmi_admin":"FIN-UUS",
        "admin_name":"Uusimaa",
        "fips_cntry":"FI",
        "cntry_name":"Finland",
        "status":"National and provincial capital",
        "pop":639227,
        "pop_class":"500,000 to 999,999",
        "lng":24.9767013483,
        "lat":60.1964189912
    },
    {
        "fid":2137,
        "city_name":"Tallinn",
        "gmi_admin":"EST",
        "admin_name":"Estonia",
        "fips_cntry":"EN",
        "cntry_name":"Estonia",
        "status":"National capital",
        "pop":430805,
        "pop_class":"250,000 to 499,999",
        "lng":24.7500003192,
        "lat":59.416667933
    },
    {
        "fid":2138,
        "city_name":"Riga",
        "gmi_admin":"LVA",
        "admin_name":"Latvia",
        "fips_cntry":"LG",
        "cntry_name":"Latvia",
        "status":"National capital",
        "pop":632614,
        "pop_class":"500,000 to 999,999",
        "lng":24.0499983186,
        "lat":56.8800000343
    },
    {
        "fid":2171,
        "city_name":"Moscow",
        "gmi_admin":"RUS-MSC",
        "admin_name":"Moskovskaya oblast'",
        "fips_cntry":"RS",
        "cntry_name":"Russia",
        "status":"National and provincial capital",
        "pop":11918057,
        "pop_class":"5,000,000 and greater",
        "lng":37.7000013393,
        "lat":55.7499960268
    },
    {
        "fid":2216,
        "city_name":"Tehran",
        "gmi_admin":"IRN-TER",
        "admin_name":"Tehran",
        "fips_cntry":"IR",
        "cntry_name":"Iran",
        "status":"National and provincial capital",
        "pop":8693706,
        "pop_class":"5,000,000 and greater",
        "lng":51.4479963362,
        "lat":35.7740010157
    },
    {
        "fid":2225,
        "city_name":"Mogadishu",
        "gmi_admin":"SOM-BND",
        "admin_name":"Banaadir",
        "fips_cntry":"SO",
        "cntry_name":"Somalia",
        "status":"National and provincial capital",
        "pop":2693000,
        "pop_class":"1,000,000 to 4,999,999",
        "lng":45.3441423284,
        "lat":2.041173022
    },
    {
        "fid":2231,
        "city_name":"Kuwait",
        "gmi_admin":"KWT-AKW",
        "admin_name":"Al Kuwayt",
        "fips_cntry":"KU",
        "cntry_name":"Kuwait",
        "status":"National and provincial capital",
        "pop":0,
        "pop_class":" ",
        "lng":47.9740414039,
        "lat":29.3859180671
    },
    {
        "fid":2237,
        "city_name":"Manama",
        "gmi_admin":"BHR-AMN",
        "admin_name":"Al Manamah",
        "fips_cntry":"BA",
        "cntry_name":"Bahrain",
        "status":"National and provincial capital",
        "pop":0,
        "pop_class":" ",
        "lng":50.5833394186,
        "lat":26.2166670379
    },
    {
        "fid":2241,
        "city_name":"Riyadh",
        "gmi_admin":"SAU-ARI",
        "admin_name":"Ar Riyad",
        "fips_cntry":"SA",
        "cntry_name":"Saudi Arabia",
        "status":"National and provincial capital",
        "pop":5188286,
        "pop_class":"5,000,000 and greater",
        "lng":46.770003317,
        "lat":24.6500009683
    },
    {
        "fid":2255,
        "city_name":"Doha",
        "gmi_admin":"QAT-ADW",
        "admin_name":"Ad Dawhah",
        "fips_cntry":"QA",
        "cntry_name":"Qatar",
        "status":"National and provincial capital",
        "pop":956457,
        "pop_class":"500,000 to 999,999",
        "lng":51.532335414,
        "lat":25.2843569253
    },
    {
        "fid":2257,
        "city_name":"Abu Dhabi",
        "gmi_admin":"ARE-AZA",
        "admin_name":"Abu Zaby",
        "fips_cntry":"AE",
        "cntry_name":"United Arab Emirates",
        "status":"National and provincial capital",
        "pop":1539000,
        "pop_class":"1,000,000 to 4,999,999",
        "lng":54.3709984137,
        "lat":24.4760040024
    },
    {
        "fid":2260,
        "city_name":"Baku",
        "gmi_admin":"AZE-BAK",
        "admin_name":"Baku",
        "fips_cntry":"AJ",
        "cntry_name":"Azerbaijan",
        "status":"National and provincial capital",
        "pop":2270030,
        "pop_class":"1,000,000 to 4,999,999",
        "lng":49.8159993038,
        "lat":40.3239960652
    },
    {
        "fid":2276,
        "city_name":"Ashgabat",
        "gmi_admin":"TKM-ASH",
        "admin_name":"Ashkhabad",
        "fips_cntry":"TX",
        "cntry_name":"Turkmenistan",
        "status":"National and provincial capital",
        "pop":0,
        "pop_class":" ",
        "lng":58.3901374404,
        "lat":37.9504169461
    },
    {
        "fid":2298,
        "city_name":"Muscat",
        "gmi_admin":"OMN-MSQ",
        "admin_name":"Masqat",
        "fips_cntry":"MU",
        "cntry_name":"Oman",
        "status":"National and provincial capital",
        "pop":0,
        "pop_class":" ",
        "lng":58.5880024454,
        "lat":23.6069999946
    },
    {
        "fid":2309,
        "city_name":"Moroni",
        "gmi_admin":"COM",
        "admin_name":"Comoros",
        "fips_cntry":"CN",
        "cntry_name":"Comoros",
        "status":"National capital",
        "pop":0,
        "pop_class":" ",
        "lng":43.2430024323,
        "lat":-11.7000000766
    },
    {
        "fid":2312,
        "city_name":"Harare",
        "gmi_admin":"ZWE-MEA",
        "admin_name":"Mashonaland East",
        "fips_cntry":"ZI",
        "cntry_name":"Zimbabwe",
        "status":"National and provincial capital",
        "pop":1485231,
        "pop_class":"1,000,000 to 4,999,999",
        "lng":31.0200033958,
        "lat":-17.8299990131
    },
    {
        "fid":2333,
        "city_name":"Windhoek",
        "gmi_admin":"NAM-WND",
        "admin_name":"Windhoek",
        "fips_cntry":"WA",
        "cntry_name":"Namibia",
        "status":"National and provincial capital",
        "pop":325858,
        "pop_class":"250,000 to 499,999",
        "lng":17.0769963322,
        "lat":-22.5600030498
    },
    {
        "fid":2342,
        "city_name":"Brazzaville",
        "gmi_admin":"COG-POO",
        "admin_name":"Pool",
        "fips_cntry":"CF",
        "cntry_name":"Congo",
        "status":"National capital",
        "pop":2074000,
        "pop_class":"1,000,000 to 4,999,999",
        "lng":15.2851414233,
        "lat":-4.285187997
    },
    {
        "fid":2348,
        "city_name":"Kinshasa",
        "gmi_admin":"ZAR-KNS",
        "admin_name":"Kinshasa",
        "fips_cntry":"CG",
        "cntry_name":"Congo, DRC",
        "status":"National and provincial capital",
        "pop":12322000,
        "pop_class":"5,000,000 and greater",
        "lng":15.2990013417,
        "lat":-4.3209989917
    },
    {
        "fid":2353,
        "city_name":"Luanda",
        "gmi_admin":"AGO-LUA",
        "admin_name":"Luanda",
        "fips_cntry":"AO",
        "cntry_name":"Angola",
        "status":"National and provincial capital",
        "pop":7555000,
        "pop_class":"5,000,000 and greater",
        "lng":13.2350044183,
        "lat":-8.8119989513
    },
    {
        "fid":2382,
        "city_name":"Lusaka",
        "gmi_admin":"ZMB-LUS",
        "admin_name":"Lusaka",
        "fips_cntry":"ZA",
        "cntry_name":"Zambia",
        "status":"National and provincial capital",
        "pop":1747152,
        "pop_class":"1,000,000 to 4,999,999",
        "lng":28.1700002974,
        "lat":-15.4299959597
    },
    {
        "fid":2409,
        "city_name":"Bujumbura",
        "gmi_admin":"BDI-BJM",
        "admin_name":"Bujumbura",
        "fips_cntry":"BY",
        "cntry_name":"Burundi",
        "status":"National and provincial capital",
        "pop":0,
        "pop_class":" ",
        "lng":29.3560023203,
        "lat":-3.3720029964
    },
    {
        "fid":2420,
        "city_name":"Kigali",
        "gmi_admin":"RWA-KIG",
        "admin_name":"Kigali",
        "fips_cntry":"RW",
        "cntry_name":"Rwanda",
        "status":"National and provincial capital",
        "pop":859332,
        "pop_class":"500,000 to 999,999",
        "lng":30.0590013955,
        "lat":-1.9500030725
    },
    {
        "fid":2438,
        "city_name":"Dar es Salaam",
        "gmi_admin":"TZA-DES",
        "admin_name":"Dar es Salaam",
        "fips_cntry":"TZ",
        "cntry_name":"Tanzania",
        "status":"National and provincial capital",
        "pop":4364541,
        "pop_class":"1,000,000 to 4,999,999",
        "lng":39.2533472982,
        "lat":-6.817356064
    },
    {
        "fid":2446,
        "city_name":"Nairobi",
        "gmi_admin":"KEN-NAR",
        "admin_name":"Nairobi Area",
        "fips_cntry":"KE",
        "cntry_name":"Kenya",
        "status":"National and provincial capital",
        "pop":4397073,
        "pop_class":"1,000,000 to 4,999,999",
        "lng":36.8039973486,
        "lat":-1.2699989446
    },
    {
        "fid":2451,
        "city_name":"Lilongwe",
        "gmi_admin":"MWI-CNT",
        "admin_name":"Central",
        "fips_cntry":"MI",
        "cntry_name":"Malawi",
        "status":"National and provincial capital",
        "pop":989318,
        "pop_class":"500,000 to 999,999",
        "lng":33.7740033007,
        "lat":-13.9830030388
    },
    {
        "fid":2457,
        "city_name":"Maputo",
        "gmi_admin":"MOZ-MAP",
        "admin_name":"Maputo",
        "fips_cntry":"MZ",
        "cntry_name":"Mozambique",
        "status":"National and provincial capital",
        "pop":1507000,
        "pop_class":"1,000,000 to 4,999,999",
        "lng":32.5739973887,
        "lat":-25.9620030394
    },
    {
        "fid":2458,
        "city_name":"Mbabane",
        "gmi_admin":"SWZ-HHH",
        "admin_name":"Hhohho",
        "fips_cntry":"WZ",
        "cntry_name":"Eswatini",
        "status":"National capital",
        "pop":0,
        "pop_class":" ",
        "lng":31.1913003303,
        "lat":-26.3033819274
    },
    {
        "fid":2466,
        "city_name":"Gaborone",
        "gmi_admin":"BWA-SEA",
        "admin_name":"South-East",
        "fips_cntry":"BC",
        "cntry_name":"Botswana",
        "status":"National capital",
        "pop":231592,
        "pop_class":"100,000 to 249,999",
        "lng":25.9507984015,
        "lat":-24.6399299266
    },
    {
        "fid":2477,
        "city_name":"Maseru",
        "gmi_admin":"LSO-MAS",
        "admin_name":"Maseru",
        "fips_cntry":"LT",
        "cntry_name":"Lesotho",
        "status":"National and provincial capital",
        "pop":330760,
        "pop_class":"250,000 to 499,999",
        "lng":27.4920033208,
        "lat":-29.3079960775
    },
    {
        "fid":2482,
        "city_name":"Pretoria",
        "gmi_admin":"ZAF-GAT",
        "admin_name":"Gauteng",
        "fips_cntry":"SF",
        "cntry_name":"South Africa",
        "status":"National capital",
        "pop":1753000,
        "pop_class":"1,000,000 to 4,999,999",
        "lng":28.2179973434,
        "lat":-25.7309999317
    },
    {
        "fid":2490,
        "city_name":"Mamoutzou",
        "gmi_admin":"MYT",
        "admin_name":"Mayotte",
        "fips_cntry":"MF",
        "cntry_name":"Mayotte",
        "status":"National and provincial capital",
        "pop":0,
        "pop_class":" ",
        "lng":45.2833024267,
        "lat":-12.7833029406
    },
    {
        "fid":2491,
        "city_name":"Saint-Denis",
        "gmi_admin":"REU",
        "admin_name":"Reunion",
        "fips_cntry":"RE",
        "cntry_name":"Reunion",
        "status":"National and provincial capital",
        "pop":146985,
        "pop_class":"100,000 to 249,999",
        "lng":55.4499993645,
        "lat":-20.8666979624
    },
    {
        "fid":2492,
        "city_name":"Victoria",
        "gmi_admin":"SYC",
        "admin_name":"Seychelles",
        "fips_cntry":"SE",
        "cntry_name":"Seychelles",
        "status":"National capital",
        "pop":26450,
        "pop_class":"Less than 50,000",
        "lng":55.4450044058,
        "lat":-4.6169999437
    },
    {
        "fid":2496,
        "city_name":"Antananarivo",
        "gmi_admin":"MDG-ANN",
        "admin_name":"Antananarivo",
        "fips_cntry":"MA",
        "cntry_name":"Madagascar",
        "status":"National and provincial capital",
        "pop":1275207,
        "pop_class":"1,000,000 to 4,999,999",
        "lng":47.5280013828,
        "lat":-18.908000939
    },
    {
        "fid":2497,
        "city_name":"Port Louis",
        "gmi_admin":"MUS",
        "admin_name":"Mauritius",
        "fips_cntry":"MP",
        "cntry_name":"Mauritius",
        "status":"National capital",
        "pop":146737,
        "pop_class":"100,000 to 249,999",
        "lng":57.4959962993,
        "lat":-20.1650040568
    },
    {
        "fid":2499,
        "city_name":"Juba",
        "gmi_admin":" ",
        "admin_name":"Central Equatoria",
        "fips_cntry":"OD",
        "cntry_name":"South Sudan",
        "status":"National and provincial capital",
        "pop":0,
        "pop_class":" ",
        "lng":31.5971185552,
        "lat":4.8440607714
    },
    {
        "fid":2503,
        "city_name":"Canberra",
        "gmi_admin":"AUS-ACT",
        "admin_name":"Australian Capital Territory",
        "fips_cntry":"AS",
        "cntry_name":"Australia",
        "status":"National and provincial capital",
        "pop":420960,
        "pop_class":"250,000 to 499,999",
        "lng":149.0420074304,
        "lat":-35.350002057
    },
    {
        "fid":2522,
        "city_name":"Port Moresby",
        "gmi_admin":"PNG-NCP",
        "admin_name":"National Capital",
        "fips_cntry":"PP",
        "cntry_name":"Papua New Guinea",
        "status":"National capital and provincial capital enclave",
        "pop":364125,
        "pop_class":"250,000 to 499,999",
        "lng":147.1479483242,
        "lat":-9.4971870203
    },
    {
        "fid":2523,
        "city_name":"Funafuti",
        "gmi_admin":"TUV",
        "admin_name":"Tuvalu",
        "fips_cntry":"TV",
        "cntry_name":"Tuvalu",
        "status":"National capital",
        "pop":6152,
        "pop_class":"Less than 50,000",
        "lng":179.2218873636,
        "lat":-8.5364999354
    },
    {
        "fid":2524,
        "city_name":"Honiara",
        "gmi_admin":"SLB",
        "admin_name":"Solomon Is.",
        "fips_cntry":"BP",
        "cntry_name":"Solomon Is.",
        "status":"National capital",
        "pop":0,
        "pop_class":" ",
        "lng":159.9517804415,
        "lat":-9.4338450056
    },
    {
        "fid":2525,
        "city_name":"Port Vila",
        "gmi_admin":"VUT",
        "admin_name":"Vanuatu",
        "fips_cntry":"NH",
        "cntry_name":"Vanuatu",
        "status":"National capital",
        "pop":20094,
        "pop_class":"Less than 50,000",
        "lng":168.3209973499,
        "lat":-17.7399990702
    },
    {
        "fid":2526,
        "city_name":"Suva",
        "gmi_admin":"FJI",
        "admin_name":"Fiji",
        "fips_cntry":"FJ",
        "cntry_name":"Fiji",
        "status":"National capital",
        "pop":0,
        "pop_class":" ",
        "lng":178.4477253505,
        "lat":-18.1345319715
    },
    {
        "fid":2527,
        "city_name":"Noumea",
        "gmi_admin":"NCL",
        "admin_name":"New Caledonia",
        "fips_cntry":"NC",
        "cntry_name":"New Caledonia",
        "status":"National and provincial capital",
        "pop":99926,
        "pop_class":"50,000 to 99,999",
        "lng":165.5000013856,
        "lat":-21.5000009469
    },
    {
        "fid":2528,
        "city_name":"Yaren",
        "gmi_admin":"NRU",
        "admin_name":"Nauru",
        "fips_cntry":"NR",
        "cntry_name":"Nauru",
        "status":"National capital",
        "pop":0,
        "pop_class":" ",
        "lng":166.9167003714,
        "lat":-0.5166989599
    },
    {
        "fid":2540,
        "city_name":"Nay Pyi Taw",
        "gmi_admin":" ",
        "admin_name":"Nay Pyi Taw Union Territory",
        "fips_cntry":"BM",
        "cntry_name":"Myanmar",
        "status":"National and provincial capital",
        "pop":642000,
        "pop_class":"500,000 to 999,999",
        "lng":96.209042117,
        "lat":19.7334891619
    }
]